n_rules,setup_time_sec,preprocessing_time_sec,traffic_inspection_time_sec
10,0.04354590000002645,0.019170999992638826,0.04442339998786338
50,0.009694700012914836,0.02364769999985583,0.015025300002889708
100,0.009116500004893169,0.01060979999601841,0.013134900014847517
500,0.008607600000686944,0.012540099996840581,0.02618570000049658
1000,0.011253200005739927,0.010347200004616752,0.0390688999905251
