n_rules,setup_time_sec,preprocessing_time_sec,traffic_inspection_time_sec
10,0.022835599986137822,0.011209400021471083,0.02226679999148473
50,0.009655000001657754,0.012700899998890236,0.014755900017917156
100,0.011594699986744672,0.014091999997617677,0.015570600022329018
500,0.008554100000765175,0.009319000004325062,0.03260239999508485
1000,0.017418399977032095,0.015450800012331456,0.04543090000515804
