n_rules,setup_time_sec,preprocessing_time_sec,traffic_inspection_time_sec
1,0.0145048999984283,0.007788100017933175,0.018279200012329966
1000,0.010908199998084456,0.0076080000144429505,0.0323701000015717
2000,0.05878890000167303,0.0070035000098869205,0.04666940000606701
3000,0.02051999999093823,0.008891699981177226,0.06443620001664385
