m_tokens,token_encryption_time_sec,traffic_inspection_time_sec
10,0.015621900005498901,0.00741400002152659
50,0.010702200001105666,0.014213899994501844
100,0.016230300010647625,0.011481400026241317
500,0.04349850001744926,0.02524499999708496
1000,0.07055179998860694,0.03740020000259392
