m_tokens,token_encryption_time_sec,traffic_inspection_time_sec
1,0.00876649998826906,0.00792520001414232
100,0.026079799979925156,0.014222199999494478
500,0.03460590000031516,0.02603330000420101
800,0.04356950000510551,0.029690600000321865
